{"_step":2005,"round":2,"_wandb":{"runtime":307},"_runtime":307.458696916,"epoch":5,"train_loss":0.045482568675652146,"_timestamp":1.76359611080262e+09}